빅데이터 비즈니스 이해와 활용 생활을 바꾸다 다가온 미래,99_1
Machine Learning 알고리즘에 대하여 알려줘,2_2
딥러닝 알고리즘은 다른 알고리즘과 어떤 차이점이 있나요,2_3
네이처랭귀지의 주요 고객사로는 어떠한 곳이 있나요?,1_7
네이처랭귀지는 어떠한 곳과 같이 협력해서 일하나요?,1_7
네이처랭귀지의 주요 사업 영역에 대하여 알려주세요,1_4
네이처랭귀지의 주요 고객사에 대하여 알려주세요,1_7
Machine Learning 을 알고 싶어요,2_2
머신러닝 알고리즘의 자세한 설명을 듣고 싶어요,2_2
말씀하신 머신러닝 알고리즘에 대하여 알려주세요,2_2
머신러닝 알고리즘과 규칙기반 알고리즘의 차이,2_2
네이처랭귀지 찾아가려면 어디로 가야하나요?,1_3
네이처 랭귀지의 주요 고객은 어떤 곳이니?,1_7
어떤 알고리즘을 사용하여 제품을 만듭니까?,2_1
네이처랭귀지가 있는 곳을 찾아가고 싶어요,1_3
네이처랭귀지의 주요 고객사는 무엇인가요?,1_7
어떤 알고리즘을 사용하여 개발을 합니까?,2_1
어떠 알고리즘을 사용하여 작업을 합니까?,2_1
말씀하신 머신러닝 알고리즘이란 무엇입니까,2_2
네이처 랭귀지로 가려면 어떻게 가야해?,1_3
네이처 랭귀지의 최고 책임자가 누구야?,1_5
너가 주로?모시는 고객은 어떤 곳이니?,1_7
네이처랭귀지 기술력에 대하여 알고 싶어,2_4
네이처랭귀지의 소재지를 알고 싶습니다,1_3
네이처랭귀지가 있는 곳이 어디일까요?,1_3
어딜가면 네이처랭귀지를 볼 수 있어?,1_3
네이처 랭귀지는 누가 운영하고 있어?,1_5
너는 어떤 회사와 주로 영업을 했니?,1_7
어떤 기술을 사용하여 작업을 합니까?,2_1
머신러닝 알고리즘에 대하여 알고싶어요,2_2
네이처랭귀지가 하는 일을 알고 싶어,1_2
어디로 가면 네이처랭귀지에 도착해?,1_3
네이처 랭귀지는 무슨 일을 주로해?,1_4
주요 사업 영역에 대하여 알려주세요,1_4
딥러닝 알고리즘에 대하여 알려주세요,2_3
네이처랭귀지 주소지를 알고 싶어요,1_3
네이처 랭귀지의 운영자가 누구야?,1_5
네이처 랭귀지의 책임자가 누구야?,1_5
네이처랭귀지는 언제부터 시작했니?,1_6
너가 주로?모시는 고객은 누구니?,1_7
머신러닝 알고리즘에 대하여 알려줘,2_2
네이처랭귀지는 어디 쯤 있나요?,1_3
주요 사업 영역에 대하여 말해줘,1_4
네이처랭귀지가 하는 일이 뭐야?,1_4
이 회사의 책임자는 누구입니까?,1_5
네이처 랭귀지의 대표가 누구야?,1_5
네이처 랭귀지는 언제 시작했어?,1_6
네이처랭귀지의 설립시기를 알려줘,1_6
어떤 회사가 너와 영업을 하니?,1_7
머신러닝 알고리즘의 자세한 설명,2_2
머신러닝 알고리즘은 무엇입니까?,2_2
네이처랭귀지 기술력은 어떠하니?,2_4
네이처랭귀지는 뭐하는 곳이니?,1_2
어떤 일이 너의 주된 일이야?,1_2
네이처랭귀지는 어디에 있나요?,1_3
네이처랭귀지를 찾아가고 싶어요,1_3
너는 어떤 일을 할 수 있니?,1_4
대표이사가 누구인지 알려주세요,1_5
Machine Learning,2_2
회사의 기술력에 대하여 알려줘,2_4
이 회사가 하는 일은 뭐야?,1_2
너는 무슨 일을 하고 있어?,1_2
너가 하는 일이 대체 뭐야?,1_2
네이처랭귀지는 어디에 있어?,1_3
주요 사업 영역은 무엇입니까,1_4
이 회사의 책임자가 누구요?,1_5
대표이사의 이름을 알려주세요,1_5
대표이사에 대하여 알려주세요,1_5
네이처랭귀지 시작 연월일은?,1_6
어떤 곳이 주요고객사인가요?,1_7
사용하는 알고리즘을 알려줘요,2_1
딥러닝 알고리즘이 알고싶어요,2_3
회사의 대표가 누구인가요?,1_5
네이처랭귀지에 대해 알려줘,1_2
네이처랭귀지는 어디 있어?,1_3
네이처랭귀지 위치를 알려줘,1_3
네이처랭귀지 시작 연월일,1_6
네이처랭귀지 설립 연월일,1_6
머신러닝 알고리즘이 무엇,2_2
머신러닝 알고리즘이 뭐야,2_2
딥러닝 알고리즘의 차이점,2_3
기술력 수준은 어떠하니?,2_4
너가 하는 일을 알려줘,1_2
네이처 랭귀지 소개해줘,1_2
주로 무슨 일을 하니?,1_4
네이처 랭귀지는 뭐해?,1_4
네이처랭귀지가 하는 일,1_4
대표이사는 누구입니까?,1_5
네이처랭귀지 설립 시기,1_6
네이처랭귀지 설립일은?,1_6
네이처랭귀지의 생일은?,1_6
네이처랭귀지 주요고객사,1_7
사용하는 기술은 뭐야?,2_1
딥러닝 알고리즘의 특성,2_3
기술 수준은 어떠하니?,2_4
네이처랭귀지가 뭐야?,1_2
너에 대해 알고 싶어,1_2
책임자를 만나고 싶소,1_5
네이처랭귀지 설립시기,1_6
어떤 곳이 주요고객사,1_7
어떤 기술을 사용해?,2_1
딥러닝을 알고 싶어요,2_3
당신이 하는 일은?,1_2
너에 대해 소개해줘,1_2
네이처랭귀지 주소지,1_3
대표이사가 누구요?,1_5
넌 언제 태어났니?,1_6
네이처랭귀지 설립일,1_6
이 회사는 뭐야?,1_2
네이처랭귀지 위치,1_3
소재지가 어디야?,1_3
대표는 누구인가?,1_5
네이처랭귀지 설립,1_6
사용하는 알고리즘,2_1
위치가 어디야?,1_3
주요 사업 영역,1_4
누가 대표인가?,1_5
언제 시작했어?,1_6
딥러닝 알고리즘,2_3
대표이사 이름,1_5
대표이사 누구,1_5
사용 알고리즘,2_1
이미지 포맷,99_0
챗봇 반가워,1_1
네이처랭귀지,1_2
주요사업영역,1_4
설립 연월일,1_6
시작 연월일,1_6
주요 고객사,1_7
기술력 수준,2_4
안녕하세요,1_1
반갑습니다,1_1
hello,1_1
챗봇 안녕,1_1
위치 안내,1_3
주요 사업,1_4
사업 영역,1_4
대표 이사,1_5
주요고객사,1_7
기술 수준,2_4
안녕안녕,1_1
하이하이,1_1
반가워요,1_1
방가방가,1_1
여보세요,1_1
위치안내,1_3
하는 일,1_4
사업영역,1_4
대표이사,1_5
사용기술,2_1
머신러닝,2_2
기술력,2_4
반가워,1_1
하이루,1_1
소재지,1_3
주소지,1_3
뭐해?,1_4
하는일,1_4
운영자,1_5
책임자,1_5
설립일,1_6
딥러닝,2_3
안녕,1_1
하이,1_1
hi,1_1
챗봇,1_1
헬로,1_1
헤이,1_1
어이,1_1
이봐,1_1
위치,1_3
야,1_1
